fund_id,price_dt,price,volume,net_value_dt,net_value,est_val_dt,est_val,est_val_increase_rt,est_error_rt,discount_rt,amount_dt,amount,amount_incr,amount_increase_rt,ref_increase_rt,is_est,code,est_val2,iopv
160212,2025-10-22,4.015,13.350,2025-10-22,3.9883,2025-10-22,4.0093,,0.53,0.67,,950,0,0.000,-0.14,0,160212,,
160212,2025-10-23,3.92,26.430,2025-10-23,3.9187,2025-10-23,3.9407,,0.56,0.03,,949,-1,-0.110,-1.19,0,160212,,
160212,2025-10-24,4.047,49.220,2025-10-24,4.1017,2025-10-24,4.0269,,-1.82,-1.33,,946,-3,-0.320,2.76,0,160212,,
160212,2025-10-27,4.099,48.460,2025-10-27,4.1334,2025-10-27,4.1192,,-0.34,-0.83,,946,0,0.000,0.43,0,160212,,
160212,2025-10-28,4.128,43.330,2025-10-28,4.1304,2025-10-28,4.1135,,-0.41,-0.06,,943,-3,-0.320,-0.48,0,160212,,
160212,2025-10-29,4.155,20.430,2025-10-29,4.1731,2025-10-29,4.1599,,-0.32,-0.43,,942,-1,-0.110,0.71,0,160212,,
160212,2025-10-30,4.117,22.430,2025-10-30,4.0861,2025-10-30,4.1005,,0.35,0.76,,941,-1,-0.110,-1.74,0,160212,,
160212,2025-10-31,4.117,27.040,2025-10-31,4.1283,2025-10-31,4.1162,,-0.29,-0.27,,935,-6,-0.640,0.74,0,160212,,
160212,2025-11-03,4.116,50.060,2025-11-03,4.0734,2025-11-03,4.1036,,0.74,1.05,,935,0,0.000,-0.60,0,160212,,
160212,2025-11-04,3.984,6.030,2025-11-04,3.9553,2025-11-04,3.9964,,1.04,0.73,,934,-1,-0.110,-1.89,0,160212,,
160212,2025-11-05,4.03,6.720,2025-11-05,4.0105,2025-11-05,3.9857,,-0.62,0.49,,934,0,0.000,0.77,0,160212,,
160212,2025-11-06,4.145,23.660,2025-11-06,4.1761,2025-11-06,4.1637,,-0.30,-0.74,,935,1,0.110,3.82,0,160212,,
160212,2025-11-07,4.154,18.210,2025-11-07,4.1649,2025-11-07,4.1889,,0.58,-0.26,,935,0,0.000,0.31,0,160212,,
160212,2025-11-10,4.076,49.740,2025-11-10,4.0386,2025-11-10,4.0822,,1.08,0.93,,935,0,0.000,-1.99,0,160212,,
160212,2025-11-11,4.067,35.830,2025-11-11,4.0493,2025-11-11,4.0267,,-0.56,0.44,,935,0,0.000,-0.29,0,160212,,
160212,2025-11-12,3.957,41.940,2025-11-12,3.9355,2025-11-12,3.9593,,0.60,0.55,,935,0,0.000,-2.22,0,160212,,
160212,2025-11-13,3.952,28.380,2025-11-13,3.9898,2025-11-13,3.9626,,-0.68,-0.95,,935,0,0.000,0.69,0,160212,,
160212,2025-11-14,3.944,11.810,2025-11-14,3.952,2025-11-14,3.9508,,-0.03,-0.2,,935,0,0.000,-0.98,0,160212,,
160212,2025-11-17,3.926,35.610,2025-11-17,3.966,2025-11-17,3.9336,,-0.82,-1.01,,935,0,0.000,-0.46,0,160212,,
160212,2025-11-18,3.906,24.690,2025-11-18,3.8673,2025-11-18,3.8935,,0.68,1.0,,935,0,0.000,-1.83,0,160212,,
160212,2025-11-19,3.832,32.400,2025-11-19,3.8464,2025-11-19,3.8489,,0.06,-0.37,,934,-1,-0.110,-0.48,0,160212,,
160212,2025-11-20,3.799,5.030,2025-11-20,3.7749,2025-11-20,3.8017,,0.71,0.64,,934,0,0.000,-1.16,0,160212,,
160212,2025-11-21,3.775,33.630,2025-11-21,3.6928,2025-11-21,3.6992,,0.17,2.23,,934,0,0.000,-2.00,0,160212,,
160212,2025-11-24,3.76,10.750,2025-11-24,3.7327,2025-11-24,3.7551,,0.60,0.73,,934,0,0.000,1.69,0,160212,,
160212,2025-11-25,3.849,38.570,2025-11-25,3.8033,2025-11-25,3.7885,,-0.39,1.2,,939,5,0.540,1.49,0,160212,,
160212,2025-11-26,3.85,7.110,2025-11-26,3.8428,2025-11-26,3.8278,,-0.39,0.19,,939,0,0.000,0.64,0,160212,,
160212,2025-11-27,3.83,4.960,2025-11-27,3.8552,2025-11-27,3.8407,,-0.38,-0.65,,940,1,0.110,-0.05,0,160212,,
160212,2025-11-28,3.888,31.160,2025-11-28,3.9189,2025-11-28,3.9017,,-0.44,-0.79,,940,0,0.000,1.21,0,160212,,
160212,2025-12-01,3.946,13.410,2025-12-01,3.9831,2025-12-01,3.9914,,0.21,-0.93,,941,1,0.110,1.85,0,160212,,
160212,2025-12-02,3.878,8.080,2025-12-02,3.8825,2025-12-02,3.9198,,0.96,-0.12,,941,0,0.000,-1.59,0,160212,,
160212,2025-12-03,3.88,11.820,2025-12-03,3.8775,2025-12-03,3.8993,,0.56,0.06,,940,-1,-0.110,0.43,0,160212,,
160212,2025-12-04,3.866,1.350,2025-12-04,3.8939,2025-12-04,3.8968,,0.07,-0.72,,940,0,0.000,0.50,0,160212,,
160212,2025-12-05,3.913,38.370,2025-12-05,3.9293,2025-12-05,3.9143,,-0.38,-0.41,,940,0,0.000,0.52,0,160212,,
160212,2025-12-08,3.872,28.370,2025-12-08,3.9498,2025-12-08,3.9160,,-0.86,-1.97,,938,-2,-0.210,-0.34,0,160212,,
160212,2025-12-09,3.889,8.910,2025-12-09,3.9261,2025-12-09,3.9271,,0.03,-0.94,,937,-1,-0.110,-0.58,0,160212,,
160212,2025-12-10,3.928,34.330,2025-12-10,3.9541,2025-12-10,3.9794,,0.64,-0.66,,937,0,0.000,1.36,0,160212,,
160212,2025-12-11,3.879,16.250,2025-12-11,3.8896,2025-12-11,3.9099,,0.52,-0.27,,937,0,0.000,-1.12,0,160212,,
160212,2025-12-12,3.874,3.050,2025-12-12,3.8903,2025-12-12,3.9019,,0.30,-0.42,,935,-2,-0.210,0.32,0,160212,,
160212,2025-12-15,3.823,3.920,2025-12-15,3.8169,2025-12-15,3.8429,,0.68,0.16,,935,0,0.000,-1.22,0,160212,,
160212,2025-12-16,3.71,11.190,2025-12-16,3.7515,2025-12-16,3.7409,,-0.28,-1.11,,935,0,0.000,-1.99,0,160212,,
160212,2025-12-17,3.777,3.120,2025-12-17,3.8433,2025-12-17,3.8106,,-0.85,-1.73,,934,-1,-0.110,1.58,0,160212,,
160212,2025-12-18,3.811,18.560,2025-12-18,3.7802,2025-12-18,3.7896,,0.25,0.81,,934,0,0.000,-1.40,0,160212,,
160212,2025-12-19,3.804,3.120,2025-12-19,3.8087,2025-12-19,3.8051,,-0.09,-0.12,,934,0,0.000,0.66,0,160212,,
160212,2025-12-22,3.829,3.740,2025-12-22,3.881,2025-12-22,3.8632,,-0.46,-1.34,,934,0,0.000,1.43,0,160212,,
160212,2025-12-23,3.848,4.820,2025-12-23,3.8995,2025-12-23,3.8959,,-0.09,-1.32,,934,0,0.000,0.38,0,160212,,
160212,2025-12-24,3.911,13.470,2025-12-24,3.9683,2025-12-24,3.9445,,-0.60,-1.44,,934,0,0.000,1.15,0,160212,,
160212,2025-12-25,4.027,21.850,2025-12-25,4.0454,2025-12-25,4.0272,,-0.45,-0.45,,934,0,0.000,1.49,0,160212,,
160212,2025-12-26,4.021,27.220,2025-12-26,4.0595,2025-12-26,4.0292,,-0.75,-0.95,,934,0,0.000,-0.40,0,160212,,
160212,2025-12-29,4.095,46.930,2025-12-29,4.1416,2025-12-29,4.1072,,-0.83,-1.13,,933,-1,-0.110,1.18,0,160212,,
160212,2025-12-30,4.148,40.350,2025-12-30,4.2499,2025-12-30,4.1988,,-1.20,-2.4,,934,1,0.110,1.38,0,160212,,
160212,2025-12-31,4.223,29.770,2026-12-31,4.2461,2025-12-31,4.2618,,0.37,-0.91,,934,0,0.000,0.28,0,160212,,
160212,2026-01-05,4.229,18.490,2026-01-05,4.2922,2026-01-05,4.2853,,-0.16,-1.47,2026-01-05,933,-1,-0.110,0.92,0,160212,,
160212,2026-01-06,4.287,23.970,2026-01-06,4.3565,2026-01-06,4.3246,,-0.73,-1.6,2026-01-06,919,-14,-1.500,0.75,0,160212,,
160212,2026-01-07,4.429,113.750,2026-01-07,4.4946,2026-01-07,4.4887,,-0.13,-1.46,2026-01-07,916,-3,-0.330,3.03,0,160212,,
160212,2026-01-08,4.43,52.240,2026-01-08,4.4626,2026-01-08,4.4879,,0.57,-0.73,2026-01-08,913,-3,-0.330,-0.15,0,160212,,
160212,2026-01-09,4.563,71.570,2026-01-09,4.5948,2026-01-09,4.5829,,-0.26,-0.69,2026-01-09,913,0,0.000,2.70,0,160212,,
160212,2026-01-12,4.541,74.450,2026-01-12,4.618,2026-01-12,4.6098,,-0.18,-1.67,2026-01-12,912,-1,-0.110,0.33,0,160212,,
160212,2026-01-13,4.488,79.400,2026-01-13,4.5528,2026-01-13,4.5794,,0.58,-1.42,2026-01-13,923,11,1.210,-0.84,0,160212,,
160212,2026-01-14,4.605,93.980,2026-01-14,4.6138,2026-01-14,4.6166,,0.06,-0.19,2026-01-14,921,-2,-0.220,1.40,0,160212,,
160212,2026-01-15,4.596,45.630,2026-01-15,4.6528,2026-01-15,4.6452,,-0.16,-1.22,2026-01-15,917,-4,-0.430,0.68,0,160212,,
160212,2026-01-16,4.84,185.860,2026-01-16,4.8143,2026-01-16,4.8300,,0.33,0.53,2026-01-16,911,-6,-0.650,3.81,0,160212,,
160212,2026-01-19,4.91,77.370,2026-01-19,4.8843,2026-01-19,4.8987,,0.29,0.53,2026-01-19,903,-8,-0.880,1.75,0,160212,,
160212,2026-01-20,4.827,102.160,2026-01-20,4.7755,2026-01-20,4.8039,,0.59,1.08,2026-01-20,902,-1,-0.110,-1.65,0,160212,,
160212,2026-01-21,4.778,190.640,2026-01-21,4.8423,2026-01-21,4.7923,,-1.03,-1.33,2026-01-21,897,-5,-0.550,0.35,0,160212,,
160212,2026-01-22,4.793,54.160,2026-01-22,4.8097,2026-01-22,4.8458,,0.75,-0.35,,895,-2,-0.220,0.07,0,160212,,
160212,2026-01-23,4.814,22.100,2026-01-23,4.9014,2026-01-23,4.8309,,-1.44,-1.78,2026-01-23,894,-1,-0.110,0.44,0,160212,,
160212,2026-01-26,4.789,180.990,2026-01-26,4.7778,2026-01-26,4.7915,,0.29,0.23,2026-01-26,894,0,0.000,-2.24,0,160212,,
160212,2026-01-27,4.788,261.160,2026-01-27,4.8571,2026-01-27,4.8276,,-0.61,-1.42,2026-01-27,894,0,0.000,1.04,0,160212,,
160212,2026-01-28,4.784,84.920,2026-01-28,4.79,2026-01-28,4.8095,,0.41,-0.13,2026-01-28,894,0,0.000,-0.98,0,160212,,
160212,2026-01-29,4.579,211.160,2026-01-29,4.5636,2026-01-29,4.5999,,0.80,0.34,2026-01-29,893,-1,-0.110,-3.97,0,160212,,
160212,2026-01-30,4.523,71.860,2026-01-30,4.579,2026-01-30,4.5824,,0.07,-1.22,2026-01-30,893,0,0.000,0.41,0,160212,,
160212,2026-02-02,4.435,49.870,2026-02-02,4.5022,2026-02-02,4.4762,,-0.58,-1.49,2026-02-02,893,0,0.000,-2.25,0,160212,,
160212,2026-02-03,4.631,46.430,2026-02-03,4.7175,2026-02-03,4.6725,,-0.95,-1.83,2026-02-03,884,-9,-1.010,3.78,0,160212,,
160212,2026-02-04,4.615,18.240,2026-02-04,4.685,2026-02-04,4.6754,,-0.20,-1.49,2026-02-04,881,-3,-0.340,-0.89,0,160212,,
160212,2026-02-05,4.578,39.590,2026-02-05,4.5706,2026-02-05,4.6100,,0.86,0.16,2026-02-05,869,-12,-1.360,-1.60,0,160212,,
160212,2026-02-06,4.595,50.550,2026-02-06,4.5896,2026-02-06,4.5883,,-0.03,0.12,2026-02-06,854,-15,-1.730,0.39,0,160212,,
160212,2026-02-09,4.709,35.440,2026-02-09,4.74,2026-02-09,4.7449,,0.10,-0.65,2026-02-09,845,-9,-1.050,3.38,0,160212,,
160212,2026-02-10,4.78,21.250,2026-02-10,4.8115,2026-02-10,4.8296,,0.38,-0.65,2026-02-10,843,-2,-0.240,1.89,0,160212,,
160212,2026-02-11,4.791,54.800,2026-02-11,4.8086,2026-02-11,4.8314,,0.47,-0.37,2026-02-11,843,0,0.000,0.41,0,160212,,
160212,2026-02-12,4.878,40.470,2026-02-12,4.8623,2026-02-12,4.8750,,0.26,0.32,2026-02-12,841,-2,-0.240,1.38,0,160212,,
160212,2026-02-13,4.78,53.820,2026-02-13,4.778,2026-02-13,4.8076,,0.62,0.04,2026-02-13,841,0,0.000,-1.13,0,160212,,
160212,2026-02-24,4.762,51.030,2026-02-24,4.7532,2026-02-24,4.7586,,0.11,0.19,2026-02-24,839,-2,-0.240,-0.41,0,160212,,
160212,2026-02-25,4.767,90.850,2026-02-25,4.7711,2026-02-25,4.8023,,0.65,-0.09,2026-02-25,837,-2,-0.240,1.03,0,160212,,
160212,2026-02-26,4.745,15.410,2026-02-26,4.8223,2026-02-26,4.7922,,-0.62,-1.6,2026-02-26,836,-1,-0.120,0.44,0,160212,,
160212,2026-02-27,4.82,47.550,2026-02-27,4.8955,2026-02-27,4.8529,,-0.87,-1.54,2026-02-27,836,0,0.000,0.63,0,160212,,
160212,2026-03-02,4.759,19.530,2026-03-02,4.7805,2026-03-02,4.7946,,0.29,-0.45,2026-03-02,835,-1,-0.120,-2.06,0,160212,,
160212,2026-03-03,4.533,26.640,2026-03-03,4.5716,2026-03-03,4.5918,,0.44,-0.84,2026-03-03,834,-1,-0.120,-3.95,0,160212,,
160212,2026-03-04,4.507,42.280,2026-03-04,4.4993,2026-03-04,4.4934,,-0.13,0.17,2026-03-04,833,-1,-0.120,-1.71,0,160212,,
160212,2026-03-05,4.565,25.240,2026-03-05,4.558,2026-03-05,4.5803,,0.49,0.15,2026-03-05,832,-1,-0.120,1.80,0,160212,,
160212,2026-03-06,4.563,22.220,2026-03-06,4.6073,2026-03-06,4.5930,,-0.31,-0.96,2026-03-06,832,0,0.000,0.77,0,160212,,
160212,2026-03-09,4.538,32.780,2026-03-09,4.5851,-,-,-,-,-1.03,2026-03-09,832,0,0.000,-1.28,0,160212,,
160212,2026-03-10,4.747,46.310,2026-03-10,4.6998,-,-,-,-,1.0,2026-03-10,831,-1,-0.120,3.75,0,160212,,
160212,2026-03-11,4.66,25.99,2026-03-11,,-,-,-,-,,2026-03-11,831,0,0.00,-0.48,1,160212,,
160212,2026-05-18,4.671,17.540,2026-05-18,4.7242,-,-,-,-,-1.13,,821,0,0.000,1.93,0,160212,,
160212,2026-05-19,4.84,87.480,2026-05-19,4.8827,-,-,-,-,-0.87,,821,0,0.000,3.38,0,160212,,
160212,2026-05-20,4.98,196.500,2026-05-20,5.0088,-,-,-,-,-0.57,,812,-9,-1.100,3.05,0,160212,,
160212,2026-05-21,5.016,114.390,2026-05-21,4.9325,-,-,-,-,1.69,,813,1,0.120,-0.77,0,160212,,
160212,2026-05-22,4.96,110.380,2026-05-22,4.9969,-,-,-,-,-0.74,,814,1,0.120,0.56,0,160212,,
160212,2026-05-25,4.981,53.550,2026-05-25,5.0071,-,-,-,-,-0.52,,813,-1,-0.120,0.48,0,160212,,
160212,2026-05-26,4.904,69.700,2026-05-26,4.9449,-,-,-,-,-0.83,,816,3,0.370,-1.65,0,160212,,
160212,2026-05-27,4.908,56.130,2026-05-27,4.9395,-,-,-,-,-0.64,,815,-1,-0.120,0.09,0,160212,,
160212,2026-05-28,4.89,76.010,2026-05-28,4.8939,-,-,-,-,-0.08,,812,-3,-0.370,-1.11,0,160212,,
160212,2026-05-29,4.665,94.370,2026-05-29,4.6702,-,-,-,-,-0.11,,801,-11,-1.350,-4.01,0,160212,,
160212,2026-06-01,4.62,31.210,2026-06-01,4.5988,-,-,-,-,0.46,,800,-1,-0.120,-1.06,0,160212,,
160212,2026-06-02,4.603,11.210,2026-06-02,4.6189,-,-,-,-,-0.34,,800,0,0.000,0.34,0,160212,,
160212,2026-06-03,4.593,28.340,2026-06-03,4.5789,-,-,-,-,0.31,,798,-2,-0.250,-0.48,0,160212,,
160212,2026-06-04,4.634,14.040,2026-06-04,4.5862,-,-,-,-,1.04,,798,0,0.000,0.39,0,160212,,
160212,2026-06-05,4.47,29.600,2026-06-05,4.4854,-,-,-,-,-0.34,,798,0,0.000,-2.85,0,160212,,
160212,2026-06-08,4.353,15.460,2026-06-08,4.3251,-,-,-,-,0.65,,798,0,0.000,-2.86,0,160212,,
160212,2026-06-09,4.421,9.450,2026-06-09,4.4118,-,-,-,-,0.21,,798,0,0.000,2.06,0,160212,,
160212,2026-06-10,4.352,11.060,2026-06-10,4.2859,-,-,-,-,1.54,,798,0,0.000,-2.84,0,160212,,
160212,2026-06-11,4.348,8.050,2026-06-11,4.285,-,-,-,-,1.47,,798,0,0.000,0.61,0,160212,,
160212,2026-06-12,4.317,18.780,2026-06-12,4.2391,-,-,-,-,1.84,,798,0,0.000,-1.21,0,160212,,
160212,2026-06-15,4.429,23.520,2026-06-15,4.4052,-,-,-,-,0.54,,799,1,0.130,4.14,0,160212,,
160212,2026-06-16,4.448,56.320,2026-06-16,4.4825,-,-,-,-,-0.77,,800,1,0.130,1.39,0,160212,,
160212,2026-06-17,4.471,71.860,2026-06-17,4.5235,-,-,-,-,-1.16,,802,2,0.250,0.66,0,160212,,
160212,2026-06-18,4.526,96.330,2026-06-18,4.5699,-,-,-,-,-0.96,,802,0,0.000,1.15,0,160212,,
160212,2026-06-22,4.592,44.600,2026-06-22,4.6152,-,-,-,-,-0.5,,802,0,0.000,0.70,0,160212,,
160212,2026-06-23,4.464,13.420,2026-06-23,4.5033,-,-,-,-,-0.87,,802,0,0.000,-2.43,0,160212,,
160212,2026-06-24,4.506,36.080,2026-06-24,4.4922,-,-,-,-,0.31,,802,0,0.000,-0.17,0,160212,,
160212,2026-06-25,4.334,70.230,2026-06-25,4.4126,-,-,-,-,-1.78,,802,0,0.000,-2.48,0,160212,,
160212,2026-06-26,4.244,68.110,2026-06-26,4.3035,-,-,-,-,-1.38,,802,0,0.000,-2.65,0,160212,,
160212,2026-06-29,4.401,68.690,2026-06-29,4.4139,-,-,-,-,-0.29,,794,-8,-1.000,3.17,0,160212,,
160212,2026-06-30,4.54,42.340,2026-06-30,4.5898,-,-,-,-,-1.09,,792,-2,-0.250,3.83,0,160212,,
160212,2026-07-01,4.518,63.900,2026-07-01,4.5976,-,-,-,-,-1.25,,791,-1,-0.130,-0.32,0,160212,,
160212,2026-07-02,4.435,38.690,2026-07-02,4.4743,-,-,-,-,-0.88,,791,0,0.000,-2.22,0,160212,,
160212,2026-07-03,4.526,46.240,2026-07-03,4.6224,-,-,-,-,-2.09,,791,0,0.000,1.72,0,160212,,
160212,2026-07-06,4.517,126.640,2026-07-06,4.5186,-,-,-,-,-0.04,,790,-1,-0.130,-1.71,0,160212,,
160212,2026-07-07,4.361,48.930,2026-07-07,4.4113,-,-,-,-,-1.14,,784,-6,-0.760,-2.65,0,160212,,
160212,2026-07-08,4.22,35.210,2026-07-08,4.1457,-,-,-,-,1.79,,782,-2,-0.260,-4.38,0,160212,,
160212,2026-07-09,4.143,49.050,2026-07-09,4.1727,-,-,-,-,-0.71,,781,-1,-0.130,1.03,0,160212,,
160212,2026-07-10,4.1,51.400,2026-07-10,4.1088,-,-,-,-,-0.21,,781,0,0.000,-2.49,0,160212,,
160212,2026-07-13,3.884,15.210,2026-07-13,3.8807,-,-,-,-,0.09,,781,0,0.000,-5.02,0,160212,,
160212,2026-07-14,3.97,74.700,2026-07-14,3.928,-,-,-,-,1.07,,775,-6,-0.770,1.68,0,160212,,
160212,2026-07-15,3.885,69.590,2026-07-15,3.9087,-,-,-,-,-0.61,,774,-1,-0.130,-0.61,0,160212,,
160212,2026-07-16,3.768,11.230,2026-07-16,3.7772,-,-,-,-,-0.24,,776,2,0.260,-3.02,0,160212,,
160212,2026-07-17,3.535,21.020,2026-07-17,3.5403,-,-,-,-,-0.15,,776,0,0.000,-5.13,0,160212,,
160212,2026-07-20,3.383,34.510,2026-07-20,3.3938,-,-,-,-,-0.32,,775,-1,-0.130,-2.98,0,160212,,
160212,2026-07-21,3.486,37.400,2026-07-21,3.5538,-,-,-,-,-1.91,,775,0,0.000,5.96,0,160212,,
160212,2026-07-22,3.499,11.720,2026-07-22,3.4948,-,-,-,-,0.12,,774,-1,-0.130,-1.52,0,160212,,
160212,2026-07-23,3.534,11.890,2026-07-23,3.5378,-,-,-,-,-0.11,,773,-1,-0.130,1.94,0,160212,,
160212,2026-07-24,3.453,5.240,2026-07-24,3.448,-,-,-,-,0.15,,773,0,0.000,-1.82,0,160212,,
160212,2026-07-27,3.532,19.550,2026-07-27,3.5445,-,-,-,-,-0.35,,773,0,0.000,2.34,0,160212,,
160212,2026-07-28,3.404,3.90,2026-07-28,,-,-,-,-,,2026-07-28,773,0,0.00,-3.54,1,160212,,
